{"init_params": {"cat_dims": [], "cat_emb_dim": [], "cat_idxs": [], "clip_value": 1, "device_name": "auto", "epsilon": 1e-15, "gamma": 1, "grouped_features": [], "input_dim": 65, "lambda_sparse": 0.001, "mask_type": "sparsemax", "momentum": 0.02, "n_a": 48, "n_d": 16, "n_indep_decoder": 1, "n_independent": 2, "n_shared": 2, "n_shared_decoder": 1, "n_steps": 3, "optimizer_params": {"lr": 0.01}, "output_dim": 4, "scheduler_fn": null, "scheduler_params": {}, "seed": 6, "verbose": 1}, "class_attrs": {"preds_mapper": {"0": 0, "1": 1, "2": 2, "3": 3}}}